{
  "lang":"en",
  "name":"pipeline",
  "version":"0.0.0",
  "spacy_version":">=3.4.3,<3.5.0",
  "description":"",
  "author":"",
  "email":"",
  "url":"",
  "license":"",
  "spacy_git_version":"Unknown",
  "vectors":{
    "width":0,
    "vectors":0,
    "keys":0,
    "name":null,
    "mode":"default"
  },
  "labels":{
    "tok2vec":[

    ],
    "ner":[
      "CARDINAL",
      "DATE",
      "EVENT",
      "FAC",
      "GPE",
      "LANGUAGE",
      "LOC",
      "NORP",
      "ORG",
      "PERSON",
      "PRODUCT",
      "WORK_OF_ART"
    ]
  },
  "pipeline":[
    "tok2vec",
    "ner"
  ],
  "components":[
    "tok2vec",
    "ner"
  ],
  "disabled":[

  ],
  "performance":{
    "ents_f":0.7565789474,
    "ents_p":0.8414634146,
    "ents_r":0.687250996,
    "ents_per_type":{
      "PERSON":{
        "p":0.9097744361,
        "r":0.7610062893,
        "f":0.8287671233
      },
      "ORG":{
        "p":0.832,
        "r":0.6688102894,
        "f":0.7415329768
      },
      "DATE":{
        "p":0.8333333333,
        "r":0.7594936709,
        "f":0.7947019868
      },
      "GPE":{
        "p":0.7802197802,
        "r":0.71,
        "f":0.7434554974
      },
      "CARDINAL":{
        "p":1.0,
        "r":0.5555555556,
        "f":0.7142857143
      },
      "WORK_OF_ART":{
        "p":1.0,
        "r":0.8,
        "f":0.8888888889
      },
      "PRODUCT":{
        "p":1.0,
        "r":0.4117647059,
        "f":0.5833333333
      },
      "NORP":{
        "p":0.6,
        "r":0.6,
        "f":0.6
      },
      "EVENT":{
        "p":1.0,
        "r":0.4,
        "f":0.5714285714
      },
      "FAC":{
        "p":1.0,
        "r":1.0,
        "f":1.0
      },
      "PERCENT":{
        "p":0.0,
        "r":0.0,
        "f":0.0
      }
    },
    "tok2vec_loss":3408.71170852,
    "ner_loss":512.7556787658
  }
}