{
  "lang":"en",
  "name":"pipeline",
  "version":"0.0.0",
  "spacy_version":">=3.4.3,<3.5.0",
  "description":"",
  "author":"",
  "email":"",
  "url":"",
  "license":"",
  "spacy_git_version":"Unknown",
  "vectors":{
    "width":0,
    "vectors":0,
    "keys":0,
    "name":null,
    "mode":"default"
  },
  "labels":{
    "tok2vec":[

    ],
    "ner":[
      "CARDINAL",
      "DATE",
      "EVENT",
      "FAC",
      "GPE",
      "LANGUAGE",
      "LOC",
      "NORP",
      "ORG",
      "PERSON",
      "PRODUCT",
      "WORK_OF_ART"
    ]
  },
  "pipeline":[
    "tok2vec",
    "ner"
  ],
  "components":[
    "tok2vec",
    "ner"
  ],
  "disabled":[

  ],
  "performance":{
    "ents_f":0.7770345596,
    "ents_p":0.882278481,
    "ents_r":0.6942231076,
    "ents_per_type":{
      "PERSON":{
        "p":0.897260274,
        "r":0.8238993711,
        "f":0.8590163934
      },
      "ORG":{
        "p":0.8872340426,
        "r":0.6704180064,
        "f":0.7637362637
      },
      "DATE":{
        "p":0.8787878788,
        "r":0.7341772152,
        "f":0.8
      },
      "GPE":{
        "p":0.8333333333,
        "r":0.7,
        "f":0.7608695652
      },
      "CARDINAL":{
        "p":0.7142857143,
        "r":0.5555555556,
        "f":0.625
      },
      "WORK_OF_ART":{
        "p":1.0,
        "r":0.8,
        "f":0.8888888889
      },
      "PRODUCT":{
        "p":0.875,
        "r":0.4117647059,
        "f":0.56
      },
      "NORP":{
        "p":1.0,
        "r":0.4,
        "f":0.5714285714
      },
      "EVENT":{
        "p":1.0,
        "r":0.4,
        "f":0.5714285714
      },
      "FAC":{
        "p":1.0,
        "r":1.0,
        "f":1.0
      },
      "PERCENT":{
        "p":0.0,
        "r":0.0,
        "f":0.0
      }
    },
    "tok2vec_loss":1774.7774665332,
    "ner_loss":637.4161794914
  }
}